1,Deena,Krikorian,dkrikorian0@bigcartel.com,Female,Portugal,https://robohash.org/asperioresvoluptatesnobis.jpg?size=50x50&set=set1,2019/07/25
2,Lizzie,Stannett,lstannett1@xinhuanet.com,Female,Philippines,https://robohash.org/eiusducimusvoluptate.jpg?size=50x50&set=set1,2019/09/23
3,Emmery,Perkins,eperkins2@mediafire.com,Male,Norway,https://robohash.org/blanditiissapientenostrum.png?size=50x50&set=set1,2019/01/23
4,Anna-maria,Culpen,aculpen3@list-manage.com,Female,Sweden,https://robohash.org/molestiaetotamomnis.png?size=50x50&set=set1,2018/12/14
5,Inglebert,Robbs,irobbs4@rakuten.co.jp,Male,Czech Republic,https://robohash.org/corporisculpasunt.bmp?size=50x50&set=set1,2019/09/22
6,Dillon,Blunsom,dblunsom5@posterous.com,Male,United States,https://robohash.org/autexplicaborepellat.png?size=50x50&set=set1,2019/05/08
7,Marita,Corthes,mcorthes6@cpanel.net,Female,Indonesia,https://robohash.org/quiautlibero.png?size=50x50&set=set1,2018/10/12
8,Benji,Reith,breith7@gnu.org,Male,Portugal,https://robohash.org/quoremnisi.bmp?size=50x50&set=set1,2019/01/14
9,Marybeth,MacCome,mmaccome8@redcross.org,Female,Philippines,https://robohash.org/fugiateaexcepturi.jpg?size=50x50&set=set1,2018/11/07
10,Marlena,Spenton,mspenton9@bloomberg.com,Female,Benin,https://robohash.org/quaeeaaut.jpg?size=50x50&set=set1,2019/03/15
11,Rutger,Grimsdike,rgrimsdikea@tumblr.com,Male,United Kingdom,https://robohash.org/deseruntveroquia.png?size=50x50&set=set1,2019/09/13
12,Jon,Kwietak,jkwietakb@sakura.ne.jp,Male,Philippines,https://robohash.org/omnisperferendisvoluptas.png?size=50x50&set=set1,2019/08/04
13,Pietro,Hoffner,phoffnerc@naver.com,Male,Indonesia,https://robohash.org/autrepudiandaeatque.png?size=50x50&set=set1,2019/03/08
14,Stefa,Etteridge,setteridged@miitbeian.gov.cn,Female,Philippines,https://robohash.org/ipsaevenietmodi.jpg?size=50x50&set=set1,2019/07/04
15,Esther,Dibdall,edibdalle@mozilla.com,Female,France,https://robohash.org/saepeconsequunturqui.jpg?size=50x50&set=set1,2018/11/06
16,Lianna,Probbings,lprobbingsf@diigo.com,Female,China,https://robohash.org/sintrerumex.jpg?size=50x50&set=set1,2019/09/21
17,Wright,Swanbourne,wswanbourneg@msu.edu,Male,Armenia,https://robohash.org/eaullammaiores.jpg?size=50x50&set=set1,2019/03/07
18,Abigael,Toplin,atoplinh@ftc.gov,Female,Cyprus,https://robohash.org/quoeiusculpa.bmp?size=50x50&set=set1,2018/12/14
19,Pascal,Kuhnwald,pkuhnwaldi@geocities.jp,Male,Indonesia,https://robohash.org/sedquiut.bmp?size=50x50&set=set1,2018/12/26
20,Marcellus,Farra,mfarraj@desdev.cn,Male,China,https://robohash.org/autvoluptatemsit.bmp?size=50x50&set=set1,2019/08/04
21,Nanete,McReath,nmcreathk@rakuten.co.jp,Female,Montenegro,https://robohash.org/aliquamdeseruntducimus.png?size=50x50&set=set1,2019/06/28
22,Ralph,Casarino,rcasarinol@nyu.edu,Male,United Arab Emirates,https://robohash.org/occaecatinesciuntcorporis.bmp?size=50x50&set=set1,2019/06/24
23,Rutherford,Gribble,rgribblem@imdb.com,Male,China,https://robohash.org/autautaut.bmp?size=50x50&set=set1,2019/07/10
24,Lexie,Vondrach,lvondrachn@paginegialle.it,Female,Yemen,https://robohash.org/autearumest.bmp?size=50x50&set=set1,2019/04/15
25,Pietrek,Hovington,phovingtono@infoseek.co.jp,Male,France,https://robohash.org/autnesciuntneque.jpg?size=50x50&set=set1,2019/02/21
26,Sherline,Lindegard,slindegardp@alibaba.com,Female,Ireland,https://robohash.org/quioccaecatidolores.png?size=50x50&set=set1,2019/05/12
27,Henderson,Pountain,hpountainq@google.cn,Male,Armenia,https://robohash.org/impeditearumcupiditate.png?size=50x50&set=set1,2019/01/14
28,Winnifred,Bottinelli,wbottinellir@so-net.ne.jp,Female,China,https://robohash.org/estdolorescum.jpg?size=50x50&set=set1,2019/02/24
29,Mendy,Cubbin,mcubbins@huffingtonpost.com,Male,Venezuela,https://robohash.org/illovelitet.jpg?size=50x50&set=set1,2019/07/20
30,Jacquelynn,Skellington,jskellingtont@howstuffworks.com,Female,Philippines,https://robohash.org/aperiamsedquisquam.png?size=50x50&set=set1,2019/06/15
31,Cornelius,Blazi,cblaziu@creativecommons.org,Male,Nigeria,https://robohash.org/etutimpedit.bmp?size=50x50&set=set1,2018/12/30
32,Minetta,Foyston,mfoystonv@hc360.com,Female,China,https://robohash.org/remvoluptatearchitecto.jpg?size=50x50&set=set1,2018/10/04
33,Tandi,Tooley,ttooleyw@etsy.com,Female,Russia,https://robohash.org/praesentiumsuscipitminima.png?size=50x50&set=set1,2019/01/02
34,Cleon,Desantis,cdesantisx@washington.edu,Male,Ecuador,https://robohash.org/porroeteum.jpg?size=50x50&set=set1,2019/03/02
35,Chaddy,Kivell,ckivelly@ft.com,Male,France,https://robohash.org/rationeipsamquaerat.png?size=50x50&set=set1,2019/06/16
36,Juan,Giovannelli,jgiovannelliz@furl.net,Male,Brazil,https://robohash.org/nostrumfugitrecusandae.jpg?size=50x50&set=set1,2019/05/16
37,Wilfrid,Taw,wtaw10@twitter.com,Male,Poland,https://robohash.org/exercitationemmaximevoluptas.bmp?size=50x50&set=set1,2018/12/08
38,Lowe,McKinless,lmckinless11@addtoany.com,Male,Indonesia,https://robohash.org/pariaturiureeos.png?size=50x50&set=set1,2018/12/05
39,Sauncho,Gaffon,sgaffon12@amazon.de,Male,Kazakhstan,https://robohash.org/quidemdelectussed.png?size=50x50&set=set1,2019/02/12
40,Eveleen,Kilbee,ekilbee13@smh.com.au,Female,Philippines,https://robohash.org/sintperferendisquaerat.png?size=50x50&set=set1,2019/02/26
41,Ludovico,Adamowitz,ladamowitz14@fotki.com,Male,Haiti,https://robohash.org/voluptatibuseligendiquia.png?size=50x50&set=set1,2019/07/12
42,Weber,Goodbur,wgoodbur15@dailymail.co.uk,Male,Mauritius,https://robohash.org/illumnesciuntquam.jpg?size=50x50&set=set1,2019/06/09
43,Fiann,Myott,fmyott16@google.pl,Female,Ireland,https://robohash.org/modidoloresveritatis.png?size=50x50&set=set1,2018/11/05
44,Audy,Clyburn,aclyburn17@answers.com,Female,Argentina,https://robohash.org/nemoilloarchitecto.png?size=50x50&set=set1,2019/07/14
45,Gerri,Antoniutti,gantoniutti18@earthlink.net,Male,Macedonia,https://robohash.org/remautquasi.bmp?size=50x50&set=set1,2019/09/14
46,Steven,Mongan,smongan19@wsj.com,Male,Vietnam,https://robohash.org/quiquasiet.bmp?size=50x50&set=set1,2018/10/21
47,Gan,Hubball,ghubball1a@webs.com,Male,Mongolia,https://robohash.org/impeditetanimi.png?size=50x50&set=set1,2019/07/21
48,Gerrard,Pashenkov,gpashenkov1b@geocities.com,Male,Thailand,https://robohash.org/suntundedignissimos.jpg?size=50x50&set=set1,2018/10/03
49,Boony,Tyres,btyres1c@cloudflare.com,Male,Indonesia,https://robohash.org/molestiaenecessitatibuseius.png?size=50x50&set=set1,2019/09/18
50,Jodee,Shuttleworth,jshuttleworth1d@webs.com,Female,Russia,https://robohash.org/teneturetid.bmp?size=50x50&set=set1,2019/05/16
51,Ophelia,Sivyour,osivyour1e@wikimedia.org,Female,Indonesia,https://robohash.org/velitetexcepturi.png?size=50x50&set=set1,2019/05/12
52,Fidole,Chalcraft,fchalcraft1f@printfriendly.com,Male,Portugal,https://robohash.org/nisieumsapiente.png?size=50x50&set=set1,2019/01/10
53,Mahmoud,Raiker,mraiker1g@ebay.co.uk,Male,China,https://robohash.org/iustoetpraesentium.bmp?size=50x50&set=set1,2018/12/27
54,Moria,Roddy,mroddy1h@simplemachines.org,Female,Croatia,https://robohash.org/voluptasinciduntsunt.jpg?size=50x50&set=set1,2019/06/19
55,Brig,Blowers,bblowers1i@newsvine.com,Male,Azerbaijan,https://robohash.org/fugitaliquamvero.bmp?size=50x50&set=set1,2019/09/12
56,Finn,Youd,fyoud1j@angelfire.com,Male,Costa Rica,https://robohash.org/undequasidistinctio.png?size=50x50&set=set1,2019/04/29
57,Barclay,Fassbindler,bfassbindler1k@youtu.be,Male,Czech Republic,https://robohash.org/iustoreiciendiset.jpg?size=50x50&set=set1,2018/11/29
58,Margalo,Sarge,msarge1l@bing.com,Female,Philippines,https://robohash.org/idnamofficia.bmp?size=50x50&set=set1,2018/10/17
59,Baily,Collough,bcollough1m@ebay.com,Male,Canada,https://robohash.org/suntenimnecessitatibus.png?size=50x50&set=set1,2018/11/05
60,Kelci,Proppers,kproppers1n@digg.com,Female,China,https://robohash.org/nullacorporisquo.png?size=50x50&set=set1,2018/12/10
61,Louis,Vecard,lvecard1o@com.com,Male,Brazil,https://robohash.org/quisdoloresvel.bmp?size=50x50&set=set1,2018/12/14
62,Fallon,Mozzi,fmozzi1p@marriott.com,Female,Russia,https://robohash.org/aipsumreprehenderit.png?size=50x50&set=set1,2019/09/16
63,Sammy,Iacobetto,siacobetto1q@slate.com,Male,Colombia,https://robohash.org/velomnisab.png?size=50x50&set=set1,2019/06/11
64,Ana,De Maine,ademaine1r@studiopress.com,Female,Finland,https://robohash.org/temporeipsumratione.bmp?size=50x50&set=set1,2019/05/16
65,Vincent,Thandi,vthandi1s@census.gov,Male,China,https://robohash.org/quiquonostrum.png?size=50x50&set=set1,2018/12/14
66,Frazier,Maycey,fmaycey1t@tumblr.com,Male,China,https://robohash.org/dolorexercitationemprovident.png?size=50x50&set=set1,2019/01/04
67,Dana,Smitherman,dsmitherman1u@hatena.ne.jp,Male,Indonesia,https://robohash.org/suntnatusatque.jpg?size=50x50&set=set1,2019/08/13
68,Davis,Biggadyke,dbiggadyke1v@surveymonkey.com,Male,United States,https://robohash.org/utautquae.png?size=50x50&set=set1,2019/01/02
69,Bruno,Mathelon,bmathelon1w@phoca.cz,Male,Indonesia,https://robohash.org/sintminimaaliquam.png?size=50x50&set=set1,2019/07/02
70,Wainwright,Legendre,wlegendre1x@wix.com,Male,Finland,https://robohash.org/recusandaequidicta.png?size=50x50&set=set1,2018/10/27
71,Zarah,Cabrales,zcabrales1y@theglobeandmail.com,Female,Botswana,https://robohash.org/evenietetoptio.png?size=50x50&set=set1,2019/07/01
72,Celinka,Jellett,cjellett1z@xrea.com,Female,Uzbekistan,https://robohash.org/nonprovidentqui.bmp?size=50x50&set=set1,2019/01/31
73,Saunders,Alloisi,salloisi20@t-online.de,Male,Sweden,https://robohash.org/voluptatemsaepevoluptas.jpg?size=50x50&set=set1,2019/06/28
74,Putnem,Hendrikse,phendrikse21@vkontakte.ru,Male,China,https://robohash.org/ututet.jpg?size=50x50&set=set1,2019/02/28
75,Darryl,Matchett,dmatchett22@free.fr,Male,Poland,https://robohash.org/etaliasdolorem.bmp?size=50x50&set=set1,2019/04/10
76,Ase,Paumier,apaumier23@seesaa.net,Male,China,https://robohash.org/rerumlaborumtempora.jpg?size=50x50&set=set1,2019/07/21
77,Karie,Peete,kpeete24@usgs.gov,Female,Argentina,https://robohash.org/temporevoluptatumharum.jpg?size=50x50&set=set1,2019/08/26
78,Louella,Blenkin,lblenkin25@zdnet.com,Female,Serbia,https://robohash.org/maximeexdicta.jpg?size=50x50&set=set1,2019/08/26
79,Northrop,McTaggart,nmctaggart26@phpbb.com,Male,Malaysia,https://robohash.org/dolordoloresmaiores.bmp?size=50x50&set=set1,2019/07/30
80,Cos,Jarrold,cjarrold27@cdc.gov,Male,Indonesia,https://robohash.org/errorquisperspiciatis.png?size=50x50&set=set1,2019/04/29
81,Winifield,D'Errico,wderrico28@addtoany.com,Male,Poland,https://robohash.org/corruptivoluptasperferendis.bmp?size=50x50&set=set1,2019/03/27
82,Cad,Mitchel,cmitchel29@geocities.jp,Male,China,https://robohash.org/erroridcommodi.jpg?size=50x50&set=set1,2019/03/07
83,Clarine,Stileman,cstileman2a@360.cn,Female,Nicaragua,https://robohash.org/autemsedmollitia.bmp?size=50x50&set=set1,2018/10/25
84,Brand,Janaszkiewicz,bjanaszkiewicz2b@usda.gov,Male,Thailand,https://robohash.org/voluptasnihileum.jpg?size=50x50&set=set1,2019/07/10
85,Craggy,MacCole,cmaccole2c@fastcompany.com,Male,China,https://robohash.org/veniamsapientesint.jpg?size=50x50&set=set1,2018/12/07
86,Ogdan,Bratton,obratton2d@examiner.com,Male,Uruguay,https://robohash.org/expeditaistenon.jpg?size=50x50&set=set1,2018/10/20
87,Papagena,Shenton,pshenton2e@odnoklassniki.ru,Female,China,https://robohash.org/nihilmaximesint.png?size=50x50&set=set1,2019/06/03
88,Brice,Pullin,bpullin2f@usa.gov,Male,Bulgaria,https://robohash.org/recusandaeomnissed.png?size=50x50&set=set1,2019/09/30
89,Sashenka,Blaw,sblaw2g@yahoo.co.jp,Female,Yemen,https://robohash.org/voluptatemdoloribusut.jpg?size=50x50&set=set1,2019/05/25
90,Stacy,Watkin,swatkin2h@independent.co.uk,Male,Vietnam,https://robohash.org/quaedoloremminima.png?size=50x50&set=set1,2018/10/12
91,Natty,Basnett,nbasnett2i@economist.com,Male,Philippines,https://robohash.org/idineligendi.jpg?size=50x50&set=set1,2019/02/16
92,Percival,Exrol,pexrol2j@cpanel.net,Male,France,https://robohash.org/doloresnecessitatibusex.jpg?size=50x50&set=set1,2019/01/07
93,Drona,Steer,dsteer2k@seesaa.net,Female,Luxembourg,https://robohash.org/quianoncupiditate.jpg?size=50x50&set=set1,2019/09/19
94,Meggy,Rymill,mrymill2l@shinystat.com,Female,Indonesia,https://robohash.org/repellendusdoloribusaut.bmp?size=50x50&set=set1,2019/09/23
95,Robinett,Dict,rdict2m@google.com.hk,Female,Afghanistan,https://robohash.org/omnisverofugit.jpg?size=50x50&set=set1,2019/09/16
96,Nikoletta,Gimson,ngimson2n@typepad.com,Female,Philippines,https://robohash.org/providentautemdicta.png?size=50x50&set=set1,2018/12/05
97,Carl,Clayhill,cclayhill2o@arizona.edu,Male,China,https://robohash.org/molestiaealiasillo.png?size=50x50&set=set1,2019/05/22
98,Archibold,Hughson,ahughson2p@bigcartel.com,Male,Madagascar,https://robohash.org/ipsavoluptatesillum.bmp?size=50x50&set=set1,2019/08/03
99,Teresina,Miguet,tmiguet2q@fc2.com,Female,Bosnia and Herzegovina,https://robohash.org/ettotamrepellat.bmp?size=50x50&set=set1,2019/06/09
100,Elwin,Purtell,epurtell2r@oakley.com,Male,Argentina,https://robohash.org/eumnonet.jpg?size=50x50&set=set1,2019/03/10
101,Consalve,Sara,csara2s@berkeley.edu,Male,Philippines,https://robohash.org/voluptatemadconsequatur.png?size=50x50&set=set1,2019/02/21
102,Chalmers,Chrisp,cchrisp2t@java.com,Male,Sweden,https://robohash.org/temporibuslaboriosamsint.png?size=50x50&set=set1,2018/10/07
103,Jennica,Renbold,jrenbold2u@angelfire.com,Female,Russia,https://robohash.org/corporisveritatisamet.bmp?size=50x50&set=set1,2019/08/22
104,Kayla,Bortolotti,kbortolotti2v@jiathis.com,Female,Ukraine,https://robohash.org/doloremquasiexplicabo.bmp?size=50x50&set=set1,2018/12/05
105,Tripp,Sivess,tsivess2w@live.com,Male,Brazil,https://robohash.org/quiofficianon.bmp?size=50x50&set=set1,2019/09/20
106,Royce,Abramowitch,rabramowitch2x@macromedia.com,Male,Mexico,https://robohash.org/atconsequaturdolor.bmp?size=50x50&set=set1,2018/10/23
107,Matty,Jacobssen,mjacobssen2y@mozilla.org,Male,France,https://robohash.org/quiquisab.bmp?size=50x50&set=set1,2018/11/07
108,Uri,Peniman,upeniman2z@seattletimes.com,Male,Belarus,https://robohash.org/etquiscumque.bmp?size=50x50&set=set1,2018/11/22
109,Ernesta,Saing,esaing30@webs.com,Female,Sweden,https://robohash.org/aperiametsed.bmp?size=50x50&set=set1,2019/09/10
110,Jonie,Hicks,jhicks31@vimeo.com,Female,Colombia,https://robohash.org/assumendaeumfuga.bmp?size=50x50&set=set1,2019/04/26
111,Wolfgang,Iliff,wiliff32@salon.com,Male,Azerbaijan,https://robohash.org/eaplaceatvel.jpg?size=50x50&set=set1,2019/01/16
112,Guilbert,Cayzer,gcayzer33@list-manage.com,Male,China,https://robohash.org/idassumendavoluptatem.jpg?size=50x50&set=set1,2019/04/28
113,Bunni,Winkless,bwinkless34@constantcontact.com,Female,Indonesia,https://robohash.org/oditvoluptatemdolore.jpg?size=50x50&set=set1,2018/11/10
114,Padraig,Bruyns,pbruyns35@mozilla.org,Male,Philippines,https://robohash.org/inciduntnihiladipisci.png?size=50x50&set=set1,2019/09/07
115,Joycelin,Costock,jcostock36@china.com.cn,Female,Argentina,https://robohash.org/possimusaccusantiumconsequatur.bmp?size=50x50&set=set1,2018/12/14
116,Valentia,Beardsall,vbeardsall37@infoseek.co.jp,Female,Kazakhstan,https://robohash.org/cupiditateipsadolor.png?size=50x50&set=set1,2019/03/14
117,Ashton,Hegden,ahegden38@uiuc.edu,Male,Brazil,https://robohash.org/dolorumexpeditadelectus.jpg?size=50x50&set=set1,2019/02/28
118,Mattias,Von Der Empten,mvonderempten39@amazonaws.com,Male,France,https://robohash.org/cupiditatenobislabore.bmp?size=50x50&set=set1,2019/02/10
119,Nicoli,Benardet,nbenardet3a@unblog.fr,Female,Swaziland,https://robohash.org/blanditiisperferendisexpedita.bmp?size=50x50&set=set1,2019/02/12
120,Levey,MacKeig,lmackeig3b@ning.com,Male,Ukraine,https://robohash.org/velseddoloribus.jpg?size=50x50&set=set1,2019/06/14
121,Lawry,Dilks,ldilks3c@baidu.com,Male,Czech Republic,https://robohash.org/excepturidolorquae.png?size=50x50&set=set1,2019/01/13
122,Blakeley,Goulthorp,bgoulthorp3d@cargocollective.com,Female,Indonesia,https://robohash.org/laborumnamdolorem.bmp?size=50x50&set=set1,2019/08/13
123,Odey,Mould,omould3e@china.com.cn,Male,Indonesia,https://robohash.org/remoccaecatiet.bmp?size=50x50&set=set1,2019/03/16
124,Fransisco,Christoffersen,fchristoffersen3f@un.org,Male,United States,https://robohash.org/quiquiaqui.png?size=50x50&set=set1,2019/05/24
125,Eamon,Lemar,elemar3g@prnewswire.com,Male,Philippines,https://robohash.org/eiusetaut.jpg?size=50x50&set=set1,2019/07/04